301,Gregory,Abair,1977-05-06
302,Zikrah,Abdullah,1977-05-06
303,James,Adams,1977-05-06
304,Rashon,Adams,1977-05-06
305,Cueshan,Allen,1977-05-06
306,Spelman,Allen,1977-05-06
307,Daisy,Anderson,1977-05-06
308,Justin,Angona,1977-05-06
309,Ahmad,Atileh,1977-05-06
310,Sha'lee,Barner,1977-05-06
311,Shana,Barnett,1977-05-06
312,Isaiah,Battle,1977-05-06
313,Shanda,Benton,1977-05-06
314,Lawrence,Blanchard,1977-05-06
315,Daquan,Boddie,1977-05-06
316,Lonnie,Bradford,1977-05-06
317,Roosevelt,Brice,1977-05-06
318,Dorinda,Broome-Fulton,1977-05-06
319,Greg,Brown,1977-05-06
320,Herman,Brown,1977-05-06
321,Olivia,Brown,1977-05-06
322,Robert,Bryant,1977-05-06
323,Jazzmen,Burley,1977-05-06
324,Marcine,Bussey,1977-05-06
325,China,Butler,1977-05-06
326,Eugene,Butler,1977-05-06
327,Shontae,Cannon,1977-05-06
328,Leandrew,Casentino,1977-05-06
329,Donald,Casey,1977-05-06
330,Robert,Catlin,1977-05-06
331,Jose,Cirino,1977-05-06
332,Gloristine,Clark,1977-05-06
333,John,Clarke,1977-05-06
334,Charlesha,Clemons,1977-05-06
335,Isaiah,Clemons,1977-05-06
336,Judy,Comer,1977-05-06
337,LaDaniel,Connor,1977-05-06
338,Peter,Conrad,1977-05-06
339,Edward,Crossman,1977-05-06
340,Jermaine,Davis,1977-05-06
341,Howard,DeBow,1977-05-06
342,Michael,Denardo,1977-05-06
343,Matthew,Derocha,1977-05-06
344,Anthony,DiMarco,1977-05-06
345,David,Donalson,1977-05-06
346,Jeffery,Dowdell,1977-05-06
347,Kip,Dozier,1977-05-06
348,Scott,Duby,1977-05-06
349,Stanley,Dwight,1977-05-06
350,Frederick,Ellis,1977-05-06
351,Steven,Emery,1977-05-06
352,Stephanye,Espey,1977-05-06
353,Nancy,Estanis,1977-05-06
354,Leonard,Eure,1977-05-06
355,Shelley,Everson,1977-05-06
356,Tushua,Fitzgerald,1977-05-06
357,Michael,Floyd,1977-05-06
358,Scotland,Foster,1977-05-06
359,Gary,Fulton,1977-05-06
360,Deanna,Gainer,1977-05-06
361,David,Glasgow,1977-05-06
362,Glenn,Gotell,1977-05-06
363,Terrence,Grant,1977-05-06
364,Charles,Gray,1977-05-06
365,Mack,Greer,1977-05-06
366,Howard,Griffith,1977-05-06
367,Denise,Grimes,1977-05-06
368,Larry,Hall,1977-05-06
369,Leonard,Hall,1977-05-06
370,Lloyd,Hamilton,1977-05-06
371,Kyle,Harden,1977-05-06
372,John,Hennessy,1977-05-06
373,Rodney,Horton,1977-05-06
374,Ashley,Irving,1977-05-06
375,Eugene,Jackson,1977-05-06
376,Karlisa,James,1977-05-06
377,Lester,Jenkins,1977-05-06
378,Anna,Johnson,1977-05-06
379,Babaath,Johnson,1977-05-06
380,Clara,Johnson,1977-05-06
381,Darletta,Johnson,1977-05-06
382,Felicia,Johnson,1977-05-06
383,Jamecia,Johnson,1977-05-06
384,Sharon,Jones,1977-05-06
385,Andre,Joyner,1977-05-06
386,Brian,Keefe,1977-05-06
387,Donald,Keefe,1977-05-06
388,Tyshawn,Keene,1977-05-06
389,John,kelly,1977-05-06
390,Peter,Kemblowski,1977-05-06
391,Micheal,Kessler,1977-05-06
392,Mildred,Kimber,1977-05-06
393,Michael,Laforce,1977-05-06
394,Rembert,Lane,1977-05-06
395,David,Lanier,1977-05-06
396,Charles,Lawrence,1977-05-06
397,Starlin,Lawrence,1977-05-06
398,Keith,Lawson,1977-05-06
399,Patricia,Lee,1977-05-06
400,Samuel,Lee,1977-05-06
401,Dayson,Mack,1977-05-06
402,Joseph,Mack,1977-05-06
403,Donna,Malone,1977-05-06
404,Donna,Manning,1977-05-06
405,Donald,Martin,1977-05-06
406,Randy,McCarthy,1977-05-06
407,Pamela,McCrimmon,1977-05-06
408,Charlie,McGlown,1977-05-06
409,Denis,McLatchie,1977-05-06
410,Tammy,Meltow,1977-05-06
411,Lisa,Messano,1977-05-06
412,Jane,Mills,1977-05-06
413,Troydel,Mims,1977-05-06
414,Edward Sr.,Mitchell,1977-05-06
415,Anthony,Morman,1977-05-06
416,Tiberous,Moses,1977-05-06
417,Tashira,Muhammad,1977-05-06
418,Yasin,Muhammad,1977-05-06
419,Jerry,Muldrow,1977-05-06
420,Edward,Oliver,1977-05-06
421,Samuel,Parham,1977-05-06
422,Jeffery,Perez,1977-05-06
423,Rashanda,Perkins,1977-05-06
424,George,Phillips,1977-05-06
425,Carl,Piazza,1977-05-06
426,Jakiem,Porch,1977-05-06
427,John,Porch,1977-05-06
428,Michael,Primer,1977-05-06
429,Tyrone,Pritchard,1977-05-06
430,Charles,Raines,1977-05-06
431,Pamela,Ranieri,1977-05-06
432,Christopher,Reed,1977-05-06
433,Shaylin,Revere,1977-05-06
434,Roosevelt,Reynolds,1977-05-06
435,David,Riles,1977-05-06
436,Saul,Rios,1977-05-06
437,Sharon,Roberts,1977-05-06
438,Charese,Robinson,1977-05-06
439,English,Rogers,1977-05-06
440,Mario,Russo,1977-05-06
441,Andre,Sanders,1977-05-06
442,Garry,Seamon,1977-05-06
443,Terry,Sherman,1977-05-06
444,James,Shevas,1977-05-06
445,Yuvette,Singletary,1977-05-06
446,Rebecca,Sklaney,1977-05-06
447,Katrick,Smith,1977-05-06
448,Keith,Smith,1977-05-06
449,Laverne,Smith,1977-05-06
450,Omar,Smith,1977-05-06
451,Sean,Smith,1977-05-06
452,Jason,Swarts,1977-05-06
453,Jaquan,Taylor,1977-05-06
454,Keysha,Taylor,1977-05-06
455,Rufaro,Thomas,1977-05-06
456,Bronson,Thompson,1977-05-06
457,Darius,Thweatt,1977-05-06
458,Roderick,Torrence,1977-05-06
459,Gregory,Trapps,1977-05-06
460,Curtis,Tucker,1977-05-06
461,Willie,Turk,1977-05-06
462,Akim,Turner,1977-05-06
463,Kevin,Tyner,1977-05-06
464,Calvin,Utsey,1977-05-06
465,Javier,Valentin,1977-05-06
466,Jamie,VanNess,1977-05-06
467,Charles,Vaughn,1977-05-06
468,Luis,Velez,1977-05-06
469,Edward,Walker,1977-05-06
470,Harmony,Walker,1977-05-06
471,Deborah,Warren,1977-05-06
472,Georgia,Webb,1977-05-06
473,Sharine,Webb,1977-05-06
474,Tameika,Whipple,1977-05-06
475,Bradley,Williams,1977-05-06
476,Darian,Williams,1977-05-06
477,Herman,Williams,1977-05-06
478,Michelle,Williams,1977-05-06
479,Mike,Williams,1977-05-06
480,Tim,Williams,1977-05-06
481,Vanessa,Williams,1977-05-06
482,Franklin,Wilson,1977-05-06
483,Heather,Wohlfeil,1977-05-06
484,Ronald,Wood,1977-05-06
485,Willie,Word,1977-05-06
486,Lauretha,Worol,1977-05-06
487,Michelle,Wright,1977-05-06
488,Everett,Zimmerman,1977-05-06
489,Barbara,Cannady,1977-05-06
490,Shearean,Ford,1977-05-06
491,Steven,Hardin,1977-05-06
492,Angela,Hunter,1977-05-06
493,Antoine,Jenkins,1977-05-06
494,Robert,LaRock,1977-05-06
495,Antrenene,Odon,1977-05-06
496,Alex,Boysen,1977-05-06
497,Anthony,Singleton,1977-05-06
498,Charles,Griswold,1977-05-06
499,Dawn,Acton,1977-05-06
500,Derrick,Campbell,1977-05-06
501,Eric,Forbes,1977-05-06
502,Mark,Getman,1977-05-06
503,Roland,McCraw,1977-05-06
504,Muhammad,Irving,1977-05-06
505,Nathaniel,Burrows,1977-05-06
506,Richard,Graham,1977-05-06
507,Sheila,Klementowski,1977-05-06
508,Aaron,Neal,1977-05-06
509,Anthony,Travet,1977-05-06
510,William,Schultz,1977-05-06
511,Christopher,Perry,1977-05-06
512,Colby,Worlds,1977-05-06
513,Darlene,Sampson,1977-05-06
514,Donald,Wallace,1977-05-06
515,Jennifer,Pickard,1977-05-06
516,Penny,Zufelt,1977-05-06
517,Sherry,Vire,1977-05-06
518,William,Mead,1977-05-06
519,Troy,Portee,1977-05-06
520,Pamella,Perry,1977-05-06
521,Darryl,Carter,1977-05-06
522,Patrick,Days,1977-05-06
523,Lorraine,Richardson,1977-05-06
524,Joe,Sampson,1977-05-06
525,James,Zurn,1977-05-06
526,Brian,Joiner,1977-05-06
527,Jermaine,Milbourne,1977-05-06
528,Randolph,Dotson,1977-05-06
529,Darren,Perry,1977-05-06
530,Gloristine,Reaves,1977-05-06
531,Raoul,Cita,1977-05-06
532,Allen,Swain,1977-05-06
533,Taire,Mentus,1977-05-06
534,Joe,Herubin,1977-05-06
535,Jim,Toomey,1977-05-06
536,Jerry,Battle,1977-05-06
537,Andre,Jackson,1977-05-06
538,Yvonne,Rivera,1977-05-06
539,Leandrew,Casentino,1977-05-06
540,Linda,Hall,1977-05-06
541,MaryJo,Toomey,1977-05-06
542,Sherri,Perry,1977-05-06
543,Keith,Hudgins,1977-05-06
544,Elbert,Godoy,1977-05-06
545,Fred,Engram,1977-05-06
546,Test,Test,1977-05-06
547,Javier,Valentin,1977-05-06
548,Antrenene,Oden,1977-05-06
549,NeedsToBe,Filled1,1977-05-06
550,NeedsToBe,Filled2,1977-05-06
551,Camesha,Pitts,1977-05-06
552,Romie,Days,1977-05-06
553,Efrain,Feliciano,1977-05-06
554,Levere,Deshane,1977-05-06
